SET search_path TO houseleek;
TRUNCATE TABLE action_log, automation_trigger, smart_action, automation, scene, smart_workflow, item_state, item, action_definition, item_property, item_model, unit, room, abstract_user, unit_type, room_type, item_category RESTART IDENTITY CASCADE;

INSERT INTO unit_type (name) VALUES
    ('Apartment'),
    ('House'),
    ('Office'),
    ('Studio'),
    ('Villa');

INSERT INTO room_type (name) VALUES
    ('Living Room'),
    ('Bedroom'),
    ('Kitchen'),
    ('Bathroom'),
    ('Garage'),
    ('Office Room'),
    ('Hallway'),
    ('Basement');

INSERT INTO item_category (name) VALUES
    ('Lighting'),
    ('Climate Control'),
    ('Security'),
    ('Entertainment'),
    ('Appliances');

INSERT INTO abstract_user (email, password) VALUES
    ('admin.john@houseleek.io', 'hashed_admin_001'),
    ('admin.sara@houseleek.io', 'hashed_admin_002'),
    ('vendor.philips@lighting.com', 'hashed_vendor_001'),
    ('vendor.nest@climate.com', 'hashed_vendor_002'),
    ('vendor.arlo@security.com', 'hashed_vendor_003'),
    ('luka.petrovic@gmail.com', 'hashed_luka_pw'),
    ('ana.jovanovic@gmail.com', 'hashed_ana_pw'),
    ('marko.nikolic@gmail.com', 'hashed_marko_pw'),
    ('jelena.stojanovic@gmail.com', 'hashed_jelena_pw'),
    ('stefan.ilic@gmail.com', 'hashed_stefan_pw'),
    ('maja.djordjevic@gmail.com', 'hashed_maja_pw'),
    ('nikola.pavlovic@gmail.com', 'hashed_nikola_pw'),
    ('milica.simic@gmail.com', 'hashed_milica_pw'),
    ('ivan.popovic@gmail.com', 'hashed_ivan_pw'),
    ('tamara.vukovic@gmail.com', 'hashed_tamara_pw'),
    ('aleksandar.ristic@gmail.com', 'hashed_aleksandar_pw'),
    ('katarina.lazic@gmail.com', 'hashed_katarina_pw'),
    ('vladimir.markovic@gmail.com', 'hashed_vladimir_pw'),
    ('bojana.andric@gmail.com', 'hashed_bojana_pw'),
    ('nemanja.todorovic@gmail.com', 'hashed_nemanja_pw'),
    ('vesna.milosevic@gmail.com', 'hashed_vesna_pw'),
    ('dragan.kovacevic@gmail.com', 'hashed_dragan_pw'),
    ('ivana.stankovic@gmail.com', 'hashed_ivana_pw'),
    ('zoran.filipovic@gmail.com', 'hashed_zoran_pw'),
    ('sanja.peric@gmail.com', 'hashed_sanja_pw');

INSERT INTO admin (user_id, name, surname) VALUES
    (1, 'John', 'Doe'),
    (2, 'Sara', 'Mitchell');

INSERT INTO vendor (user_id, name, pseudonym) VALUES
    (3, 'Philips Smart', 'PhilipsHue'),
    (4, 'Nest Labs', 'NestHome'),
    (5, 'Arlo Tech', 'ArloSecurity');

INSERT INTO "user" (user_id, name, surname) VALUES
    (6, 'Luka', 'Petrović'),
    (7, 'Ana', 'Jovanović'),
    (8, 'Marko', 'Nikolić'),
    (9, 'Jelena', 'Stojanović'),
    (10, 'Stefan', 'Ilić'),
    (11, 'Maja', 'Đorđević'),
    (12, 'Nikola', 'Pavlović'),
    (13, 'Milica', 'Simić'),
    (14, 'Ivan', 'Popović'),
    (15, 'Tamara', 'Vuković'),
    (16, 'Aleksandar', 'Ristić'),
    (17, 'Katarina', 'Lazić'),
    (18, 'Vladimir', 'Marković'),
    (19, 'Bojana', 'Andrić'),
    (20, 'Nemanja', 'Todorović'),
    (21, 'Vesna', 'Milošević'),
    (22, 'Dragan', 'Kovačević'),
    (23, 'Ivana', 'Stanković'),
    (24, 'Zoran', 'Filipović'),
    (25, 'Sanja', 'Perić');

INSERT INTO item_model (name, published, vendor_id, item_category_id) VALUES
    ('Philips Hue White', TRUE, 3, 1),
    ('Philips Hue Color', TRUE, 3, 1),
    ('Philips Hue Dimmer', TRUE, 3, 1),
    ('Nest Thermostat', TRUE, 4, 2),
    ('Nest Temperature Sensor', TRUE, 4, 2),
    ('Arlo Pro Camera', TRUE, 5, 3),
    ('Arlo Doorbell', TRUE, 5, 3),
    ('Arlo Motion Sensor', TRUE, 5, 3);

INSERT INTO item_property (item_model_id, name, value) VALUES
    (1, 'color_temperature', '2700K'),
    (1, 'wattage', '9W'),
    (2, 'color_range', '16M colors'),
    (2, 'wattage', '10W'),
    (3, 'battery_type', 'CR2032'),
    (4, 'display_type', 'LCD'),
    (4, 'connectivity', 'WiFi + Bluetooth'),
    (5, 'battery_life', '2 years'),
    (6, 'resolution', '1080p'),
    (6, 'field_of_view', '130 degrees'),
    (7, 'resolution', '1536p'),
    (7, 'night_vision', 'true'),
    (8, 'detection_range', '15m'),
    (8, 'battery_life', '6 months');

INSERT INTO action_definition (item_model_id, name, controllable, value_type, default_value, min_value, max_value) VALUES
    (1, 'power', TRUE, 'bool', 'false', NULL, NULL),
    (1, 'brightness', TRUE, 'int', '50', 0, 100),
    (2, 'power', TRUE, 'bool', 'false', NULL, NULL),
    (2, 'brightness', TRUE, 'int', '50', 0, 100),
    (2, 'color', TRUE, 'string', 'white', NULL, NULL),
    (3, 'last_press', FALSE, 'string', 'none', NULL, NULL),
    (4, 'power', TRUE, 'bool', 'false', NULL, NULL),
    (4, 'temperature', TRUE, 'int', '20', 5, 35),
    (4, 'mode', TRUE, 'string', 'heat', NULL, NULL),
    (5, 'temperature', FALSE, 'int', '20', -20, 60),
    (5, 'humidity', FALSE, 'int', '45', 0, 100),
    (6, 'power', TRUE, 'bool', 'true', NULL, NULL),
    (6, 'recording', TRUE, 'bool', 'false', NULL, NULL),
    (6, 'motion', FALSE, 'bool', 'false', NULL, NULL),
    (7, 'power', TRUE, 'bool', 'true', NULL, NULL),
    (7, 'motion', FALSE, 'bool', 'false', NULL, NULL),
    (8, 'active', TRUE, 'bool', 'true', NULL, NULL),
    (8, 'detected', FALSE, 'bool', 'false', NULL, NULL);

INSERT INTO unit (name, user_id, unit_type_id) VALUES
    ('Luka''s House', 6, 2),
    ('Luka''s Office', 6, 3),
    ('Luka''s Studio', 6, 4),
    ('Ana''s Studio', 7, 4),
    ('Marko''s Apartment', 8, 1),
    ('Marko''s Office', 8, 3),
    ('Jelena''s Apartment', 9, 1),
    ('Stefan''s House', 10, 2),
    ('Stefan''s Office', 10, 3),
    ('Stefan''s Studio', 10, 4),
    ('Maja''s Apartment', 11, 1),
    ('Maja''s House', 11, 2),
    ('Maja''s Office', 11, 3),
    ('Nikola''s House', 12, 2),
    ('Nikola''s Office', 12, 3),
    ('Nikola''s Studio', 12, 4),
    ('Milica''s Villa', 13, 5),
    ('Milica''s Office', 13, 3),
    ('Milica''s Studio', 13, 4),
    ('Ivan''s Apartment', 14, 1),
    ('Tamara''s Apartment', 15, 1),
    ('Aleksandar''s Studio', 16, 4),
    ('Katarina''s House', 17, 2),
    ('Katarina''s Office', 17, 3),
    ('Katarina''s Studio', 17, 4),
    ('Vladimir''s House', 18, 2),
    ('Vladimir''s Office', 18, 3),
    ('Vladimir''s Studio', 18, 4),
    ('Bojana''s Apartment', 19, 1),
    ('Bojana''s House', 19, 2),
    ('Bojana''s Office', 19, 3),
    ('Nemanja''s Apartment', 20, 1),
    ('Nemanja''s House', 20, 2),
    ('Nemanja''s Office', 20, 3),
    ('Vesna''s Apartment', 21, 1),
    ('Vesna''s Office', 21, 3),
    ('Dragan''s Apartment', 22, 1),
    ('Dragan''s Studio', 22, 4),
    ('Ivana''s Apartment', 23, 1),
    ('Ivana''s Office', 23, 3),
    ('Zoran''s Studio', 24, 4),
    ('Sanja''s House', 25, 2),
    ('Sanja''s Office', 25, 3);

INSERT INTO room (name, unit_id, room_type_id) VALUES
    ('Bedroom', 1, 2),
    ('Basement', 1, 8),
    ('Kitchen', 1, 3),
    ('Living Room', 1, 1),
    ('Hallway', 2, 7),
    ('Bathroom', 3, 4),
    ('Bathroom', 4, 4),
    ('Living Room', 4, 1),
    ('Bathroom', 5, 4),
    ('Living Room', 5, 1),
    ('Bedroom', 5, 2),
    ('Hallway', 5, 7),
    ('Hallway', 6, 7),
    ('Office Room', 6, 6),
    ('Living Room', 7, 1),
    ('Hallway', 7, 7),
    ('Kitchen', 7, 3),
    ('Bathroom', 7, 4),
    ('Living Room', 8, 1),
    ('Bedroom', 8, 2),
    ('Basement', 8, 8),
    ('Bathroom', 8, 4),
    ('Hallway', 9, 7),
    ('Office Room', 9, 6),
    ('Bathroom', 10, 4),
    ('Bedroom', 11, 2),
    ('Kitchen', 11, 3),
    ('Bathroom', 11, 4),
    ('Hallway', 12, 7),
    ('Living Room', 12, 1),
    ('Garage', 12, 5),
    ('Bedroom', 12, 2),
    ('Kitchen', 12, 3),
    ('Office Room', 13, 6),
    ('Bathroom', 14, 4),
    ('Kitchen', 14, 3),
    ('Garage', 14, 5),
    ('Bedroom', 14, 2),
    ('Office Room', 15, 6),
    ('Hallway', 15, 7),
    ('Bathroom', 16, 4),
    ('Kitchen', 17, 3),
    ('Living Room', 17, 1),
    ('Bedroom', 17, 2),
    ('Basement', 17, 8),
    ('Hallway', 17, 7),
    ('Hallway', 18, 7),
    ('Office Room', 18, 6),
    ('Bathroom', 19, 4),
    ('Bedroom', 20, 2),
    ('Kitchen', 20, 3),
    ('Hallway', 21, 7),
    ('Bathroom', 21, 4),
    ('Kitchen', 21, 3),
    ('Bedroom', 21, 2),
    ('Living Room', 22, 1),
    ('Bathroom', 22, 4),
    ('Bathroom', 23, 4),
    ('Living Room', 23, 1),
    ('Hallway', 23, 7),
    ('Garage', 23, 5),
    ('Basement', 23, 8),
    ('Hallway', 24, 7),
    ('Bathroom', 25, 4),
    ('Garage', 26, 5),
    ('Bathroom', 26, 4),
    ('Basement', 26, 8),
    ('Kitchen', 26, 3),
    ('Office Room', 27, 6),
    ('Bathroom', 28, 4),
    ('Living Room', 28, 1),
    ('Bathroom', 29, 4),
    ('Bedroom', 29, 2),
    ('Hallway', 29, 7),
    ('Hallway', 30, 7),
    ('Basement', 30, 8),
    ('Kitchen', 30, 3),
    ('Office Room', 31, 6),
    ('Kitchen', 32, 3),
    ('Bedroom', 32, 2),
    ('Living Room', 32, 1),
    ('Bathroom', 32, 4),
    ('Garage', 33, 5),
    ('Basement', 33, 8),
    ('Living Room', 33, 1),
    ('Hallway', 34, 7),
    ('Office Room', 34, 6),
    ('Kitchen', 35, 3),
    ('Hallway', 35, 7),
    ('Office Room', 36, 6),
    ('Hallway', 37, 7),
    ('Living Room', 37, 1),
    ('Bathroom', 38, 4),
    ('Hallway', 39, 7),
    ('Bedroom', 39, 2),
    ('Hallway', 40, 7),
    ('Bathroom', 41, 4),
    ('Basement', 42, 8),
    ('Garage', 42, 5),
    ('Bathroom', 42, 4),
    ('Bedroom', 42, 2),
    ('Kitchen', 42, 3),
    ('Hallway', 43, 7);

INSERT INTO item (name, item_model_id, room_id) VALUES
    ('Temp Sensor', 5, 1),
    ('Hue Color Bulb', 2, 1),
    ('Motion Sensor', 8, 2),
    ('Arlo Camera', 6, 2),
    ('Hue White Bulb', 1, 3),
    ('Nest Thermostat', 4, 4),
    ('Arlo Doorbell', 7, 5),
    ('Hue White Bulb', 1, 6),
    ('Hue White Bulb', 1, 7),
    ('Hue Color Bulb', 2, 8),
    ('Hue White Bulb', 1, 9),
    ('Hue White Bulb', 1, 10),
    ('Nest Thermostat', 4, 10),
    ('Hue Color Bulb', 2, 11),
    ('Hue White Bulb', 1, 12),
    ('Arlo Doorbell', 7, 12),
    ('Hue White Bulb', 1, 13),
    ('Motion Sensor', 8, 13),
    ('Hue White Bulb', 1, 14),
    ('Arlo Camera', 6, 14),
    ('Temp Sensor', 5, 15),
    ('Motion Sensor', 8, 16),
    ('Arlo Doorbell', 7, 16),
    ('Hue White Bulb', 1, 17),
    ('Temp Sensor', 5, 17),
    ('Hue White Bulb', 1, 18),
    ('Hue White Bulb', 1, 19),
    ('Temp Sensor', 5, 19),
    ('Hue White Bulb', 1, 20),
    ('Arlo Camera', 6, 21),
    ('Motion Sensor', 8, 21),
    ('Hue White Bulb', 1, 22),
    ('Hue White Bulb', 1, 23),
    ('Arlo Doorbell', 7, 23),
    ('Hue White Bulb', 1, 24),
    ('Arlo Camera', 6, 24),
    ('Hue White Bulb', 1, 25),
    ('Hue White Bulb', 1, 26),
    ('Temp Sensor', 5, 27),
    ('Hue White Bulb', 1, 27),
    ('Hue White Bulb', 1, 28),
    ('Hue White Bulb', 1, 29),
    ('Hue White Bulb', 1, 30),
    ('Hue Color Bulb', 2, 30),
    ('Motion Sensor', 8, 31),
    ('Arlo Camera', 6, 31),
    ('Temp Sensor', 5, 32),
    ('Hue Color Bulb', 2, 32),
    ('Hue White Bulb', 1, 33),
    ('Hue White Bulb', 1, 34),
    ('Arlo Camera', 6, 34),
    ('Hue White Bulb', 1, 35),
    ('Hue White Bulb', 1, 36),
    ('Arlo Camera', 6, 37),
    ('Motion Sensor', 8, 37),
    ('Hue White Bulb', 1, 38),
    ('Hue White Bulb', 1, 39),
    ('Motion Sensor', 8, 40),
    ('Hue White Bulb', 1, 41),
    ('Hue White Bulb', 1, 42),
    ('Nest Thermostat', 4, 43),
    ('Hue Color Bulb', 2, 43),
    ('Temp Sensor', 5, 44),
    ('Arlo Camera', 6, 45),
    ('Motion Sensor', 8, 45),
    ('Hue White Bulb', 1, 46),
    ('Motion Sensor', 8, 46),
    ('Motion Sensor', 8, 47),
    ('Hue White Bulb', 1, 47),
    ('Arlo Camera', 6, 48),
    ('Hue White Bulb', 1, 49),
    ('Temp Sensor', 5, 50),
    ('Hue White Bulb', 1, 51),
    ('Temp Sensor', 5, 51),
    ('Hue White Bulb', 1, 52),
    ('Hue White Bulb', 1, 53),
    ('Temp Sensor', 5, 54),
    ('Temp Sensor', 5, 55),
    ('Hue White Bulb', 1, 55),
    ('Hue White Bulb', 1, 56),
    ('Temp Sensor', 5, 56),
    ('Hue White Bulb', 1, 57),
    ('Hue White Bulb', 1, 58),
    ('Nest Thermostat', 4, 59),
    ('Temp Sensor', 5, 59),
    ('Arlo Doorbell', 7, 60),
    ('Arlo Camera', 6, 61),
    ('Motion Sensor', 8, 61),
    ('Motion Sensor', 8, 62),
    ('Arlo Camera', 6, 62),
    ('Arlo Doorbell', 7, 63),
    ('Hue White Bulb', 1, 64),
    ('Arlo Camera', 6, 65),
    ('Hue White Bulb', 1, 66),
    ('Arlo Camera', 6, 67),
    ('Motion Sensor', 8, 67),
    ('Hue White Bulb', 1, 68),
    ('Temp Sensor', 5, 68),
    ('Hue White Bulb', 1, 69),
    ('Hue White Bulb', 1, 70),
    ('Temp Sensor', 5, 71),
    ('Hue White Bulb', 1, 72),
    ('Hue Color Bulb', 2, 73),
    ('Hue White Bulb', 1, 73),
    ('Hue White Bulb', 1, 74),
    ('Arlo Doorbell', 7, 74),
    ('Motion Sensor', 8, 75),
    ('Arlo Camera', 6, 76),
    ('Motion Sensor', 8, 76),
    ('Hue White Bulb', 1, 77),
    ('Hue White Bulb', 1, 78),
    ('Arlo Camera', 6, 78),
    ('Temp Sensor', 5, 79),
    ('Hue White Bulb', 1, 79),
    ('Hue White Bulb', 1, 80),
    ('Temp Sensor', 5, 80),
    ('Hue White Bulb', 1, 81),
    ('Hue Color Bulb', 2, 81),
    ('Hue White Bulb', 1, 82),
    ('Motion Sensor', 8, 83),
    ('Arlo Camera', 6, 83),
    ('Arlo Camera', 6, 84),
    ('Hue Color Bulb', 2, 85),
    ('Motion Sensor', 8, 86),
    ('Arlo Doorbell', 7, 86),
    ('Arlo Camera', 6, 87),
    ('Temp Sensor', 5, 88),
    ('Hue White Bulb', 1, 88),
    ('Hue White Bulb', 1, 89),
    ('Hue White Bulb', 1, 90),
    ('Arlo Camera', 6, 90),
    ('Hue White Bulb', 1, 91),
    ('Nest Thermostat', 4, 92),
    ('Temp Sensor', 5, 92),
    ('Hue White Bulb', 1, 93),
    ('Motion Sensor', 8, 94),
    ('Hue Color Bulb', 2, 95),
    ('Arlo Doorbell', 7, 96),
    ('Hue White Bulb', 1, 97),
    ('Motion Sensor', 8, 98),
    ('Arlo Camera', 6, 99),
    ('Motion Sensor', 8, 99),
    ('Hue White Bulb', 1, 100),
    ('Temp Sensor', 5, 101),
    ('Hue Color Bulb', 2, 101),
    ('Temp Sensor', 5, 102),
    ('Hue White Bulb', 1, 102),
    ('Arlo Doorbell', 7, 103),
    ('Hue White Bulb', 1, 103);

INSERT INTO item_state (action_definition_id, item_id, value) VALUES
    (10, 1, '21'),
    (11, 1, '56'),
    (3, 2, 'false'),
    (4, 2, '96'),
    (5, 2, 'warm'),
    (17, 3, 'false'),
    (18, 3, 'false'),
    (12, 4, 'true'),
    (13, 4, 'false'),
    (14, 4, 'false'),
    (1, 5, 'true'),
    (2, 5, '65'),
    (7, 6, 'false'),
    (8, 6, '29'),
    (9, 6, 'cool'),
    (15, 7, 'false'),
    (16, 7, 'true'),
    (1, 8, 'false'),
    (2, 8, '31'),
    (1, 9, 'true'),
    (2, 9, '46'),
    (3, 10, 'false'),
    (4, 10, '21'),
    (5, 10, 'warm'),
    (1, 11, 'false'),
    (2, 11, '38'),
    (1, 12, 'true'),
    (2, 12, '28'),
    (7, 13, 'true'),
    (8, 13, '16'),
    (9, 13, 'heat'),
    (3, 14, 'false'),
    (4, 14, '88'),
    (5, 14, 'white'),
    (1, 15, 'false'),
    (2, 15, '63'),
    (15, 16, 'true'),
    (16, 16, 'false'),
    (1, 17, 'false'),
    (2, 17, '61'),
    (17, 18, 'true'),
    (18, 18, 'true'),
    (1, 19, 'true'),
    (2, 19, '23'),
    (12, 20, 'false'),
    (13, 20, 'true'),
    (14, 20, 'true'),
    (10, 21, '29'),
    (11, 21, '33'),
    (17, 22, 'true'),
    (18, 22, 'true'),
    (15, 23, 'false'),
    (16, 23, 'true'),
    (1, 24, 'false'),
    (2, 24, '95'),
    (10, 25, '25'),
    (11, 25, '58'),
    (1, 26, 'false'),
    (2, 26, '80'),
    (1, 27, 'false'),
    (2, 27, '30'),
    (10, 28, '30'),
    (11, 28, '58'),
    (1, 29, 'false'),
    (2, 29, '41'),
    (12, 30, 'false'),
    (13, 30, 'false'),
    (14, 30, 'true'),
    (17, 31, 'false'),
    (18, 31, 'false'),
    (1, 32, 'true'),
    (2, 32, '46'),
    (1, 33, 'true'),
    (2, 33, '44'),
    (15, 34, 'false'),
    (16, 34, 'false'),
    (1, 35, 'true'),
    (2, 35, '27'),
    (12, 36, 'true'),
    (13, 36, 'true'),
    (14, 36, 'false'),
    (1, 37, 'true'),
    (2, 37, '100'),
    (1, 38, 'true'),
    (2, 38, '18'),
    (10, 39, '28'),
    (11, 39, '56'),
    (1, 40, 'false'),
    (2, 40, '79'),
    (1, 41, 'false'),
    (2, 41, '63'),
    (1, 42, 'true'),
    (2, 42, '36'),
    (1, 43, 'false'),
    (2, 43, '59'),
    (3, 44, 'true'),
    (4, 44, '83'),
    (5, 44, 'blue'),
    (17, 45, 'false'),
    (18, 45, 'true'),
    (12, 46, 'false'),
    (13, 46, 'false'),
    (14, 46, 'false'),
    (10, 47, '28'),
    (11, 47, '64'),
    (3, 48, 'true'),
    (4, 48, '72'),
    (5, 48, 'warm'),
    (1, 49, 'false'),
    (2, 49, '65'),
    (1, 50, 'false'),
    (2, 50, '13'),
    (12, 51, 'false'),
    (13, 51, 'false'),
    (14, 51, 'false'),
    (1, 52, 'true'),
    (2, 52, '69'),
    (1, 53, 'true'),
    (2, 53, '89'),
    (12, 54, 'true'),
    (13, 54, 'false'),
    (14, 54, 'true'),
    (17, 55, 'true'),
    (18, 55, 'false'),
    (1, 56, 'true'),
    (2, 56, '69'),
    (1, 57, 'true'),
    (2, 57, '16'),
    (17, 58, 'false'),
    (18, 58, 'false'),
    (1, 59, 'false'),
    (2, 59, '37'),
    (1, 60, 'false'),
    (2, 60, '51'),
    (7, 61, 'false'),
    (8, 61, '27'),
    (9, 61, 'cool'),
    (3, 62, 'false'),
    (4, 62, '42'),
    (5, 62, 'white'),
    (10, 63, '30'),
    (11, 63, '31'),
    (12, 64, 'true'),
    (13, 64, 'false'),
    (14, 64, 'true'),
    (17, 65, 'true'),
    (18, 65, 'true'),
    (1, 66, 'true'),
    (2, 66, '41'),
    (17, 67, 'true'),
    (18, 67, 'true'),
    (17, 68, 'true'),
    (18, 68, 'true'),
    (1, 69, 'true'),
    (2, 69, '70'),
    (12, 70, 'true'),
    (13, 70, 'true'),
    (14, 70, 'false'),
    (1, 71, 'false'),
    (2, 71, '57'),
    (10, 72, '20'),
    (11, 72, '68'),
    (1, 73, 'true'),
    (2, 73, '30'),
    (10, 74, '24'),
    (11, 74, '36'),
    (1, 75, 'true'),
    (2, 75, '49'),
    (1, 76, 'false'),
    (2, 76, '60'),
    (10, 77, '21'),
    (11, 77, '34'),
    (10, 78, '22'),
    (11, 78, '36'),
    (1, 79, 'false'),
    (2, 79, '97'),
    (1, 80, 'true'),
    (2, 80, '82'),
    (10, 81, '16'),
    (11, 81, '52'),
    (1, 82, 'false'),
    (2, 82, '94'),
    (1, 83, 'false'),
    (2, 83, '18'),
    (7, 84, 'false'),
    (8, 84, '15'),
    (9, 84, 'cool'),
    (10, 85, '30'),
    (11, 85, '36'),
    (15, 86, 'false'),
    (16, 86, 'false'),
    (12, 87, 'false'),
    (13, 87, 'true'),
    (14, 87, 'false'),
    (17, 88, 'true'),
    (18, 88, 'false'),
    (17, 89, 'false'),
    (18, 89, 'false'),
    (12, 90, 'false'),
    (13, 90, 'false'),
    (14, 90, 'false'),
    (15, 91, 'true'),
    (16, 91, 'true'),
    (1, 92, 'false'),
    (2, 92, '67'),
    (12, 93, 'true'),
    (13, 93, 'false'),
    (14, 93, 'false'),
    (1, 94, 'false'),
    (2, 94, '13'),
    (12, 95, 'false'),
    (13, 95, 'false'),
    (14, 95, 'true'),
    (17, 96, 'false'),
    (18, 96, 'true'),
    (1, 97, 'false'),
    (2, 97, '43'),
    (10, 98, '25'),
    (11, 98, '47'),
    (1, 99, 'false'),
    (2, 99, '81'),
    (1, 100, 'true'),
    (2, 100, '76'),
    (10, 101, '21'),
    (11, 101, '35'),
    (1, 102, 'true'),
    (2, 102, '62'),
    (3, 103, 'false'),
    (4, 103, '81'),
    (5, 103, 'warm'),
    (1, 104, 'false'),
    (2, 104, '92'),
    (1, 105, 'false'),
    (2, 105, '67'),
    (15, 106, 'true'),
    (16, 106, 'true'),
    (17, 107, 'false'),
    (18, 107, 'true'),
    (12, 108, 'false'),
    (13, 108, 'true'),
    (14, 108, 'false'),
    (17, 109, 'false'),
    (18, 109, 'false'),
    (1, 110, 'false'),
    (2, 110, '64'),
    (1, 111, 'false'),
    (2, 111, '55'),
    (12, 112, 'false'),
    (13, 112, 'false'),
    (14, 112, 'false'),
    (10, 113, '23'),
    (11, 113, '44'),
    (1, 114, 'true'),
    (2, 114, '34'),
    (1, 115, 'false'),
    (2, 115, '25'),
    (10, 116, '20'),
    (11, 116, '42'),
    (1, 117, 'true'),
    (2, 117, '71'),
    (3, 118, 'false'),
    (4, 118, '85'),
    (5, 118, 'green'),
    (1, 119, 'false'),
    (2, 119, '22'),
    (17, 120, 'true'),
    (18, 120, 'false'),
    (12, 121, 'true'),
    (13, 121, 'false'),
    (14, 121, 'true'),
    (12, 122, 'false'),
    (13, 122, 'true'),
    (14, 122, 'true'),
    (3, 123, 'false'),
    (4, 123, '15'),
    (5, 123, 'white'),
    (17, 124, 'false'),
    (18, 124, 'true'),
    (15, 125, 'false'),
    (16, 125, 'true'),
    (12, 126, 'true'),
    (13, 126, 'false'),
    (14, 126, 'false'),
    (10, 127, '30'),
    (11, 127, '58'),
    (1, 128, 'false'),
    (2, 128, '33'),
    (1, 129, 'true'),
    (2, 129, '42'),
    (1, 130, 'false'),
    (2, 130, '24'),
    (12, 131, 'true'),
    (13, 131, 'false'),
    (14, 131, 'false'),
    (1, 132, 'true'),
    (2, 132, '83'),
    (7, 133, 'true'),
    (8, 133, '19'),
    (9, 133, 'heat'),
    (10, 134, '24'),
    (11, 134, '35'),
    (1, 135, 'true'),
    (2, 135, '25'),
    (17, 136, 'false'),
    (18, 136, 'true'),
    (3, 137, 'false'),
    (4, 137, '67'),
    (5, 137, 'blue'),
    (15, 138, 'false'),
    (16, 138, 'false'),
    (1, 139, 'false'),
    (2, 139, '82'),
    (17, 140, 'true'),
    (18, 140, 'true'),
    (12, 141, 'true'),
    (13, 141, 'true'),
    (14, 141, 'false'),
    (17, 142, 'true'),
    (18, 142, 'true'),
    (1, 143, 'true'),
    (2, 143, '32'),
    (10, 144, '17'),
    (11, 144, '40'),
    (3, 145, 'true'),
    (4, 145, '62'),
    (5, 145, 'blue'),
    (10, 146, '30'),
    (11, 146, '48'),
    (1, 147, 'true'),
    (2, 147, '39'),
    (15, 148, 'false'),
    (16, 148, 'false'),
    (1, 149, 'false'),
    (2, 149, '19');

INSERT INTO smart_workflow (type, name, user_id) VALUES
    ('automation', 'Auto Lock', 6),
    ('automation', 'Motion Alert', 7),
    ('scene', 'Party Mode', 8),
    ('scene', 'Good Morning', 9),
    ('automation', 'Wake Up Lights', 10),
    ('automation', 'Motion Alert', 11),
    ('automation', 'Auto Lock', 11),
    ('automation', 'Night Security', 12),
    ('automation', 'Energy Saver', 12),
    ('scene', 'Relax', 13),
    ('automation', 'Motion Alert', 14),
    ('scene', 'Bedtime', 14),
    ('automation', 'Wake Up Lights', 15),
    ('scene', 'Dinner Time', 16),
    ('automation', 'Temp Control', 17),
    ('automation', 'Auto Lock', 17),
    ('scene', 'Dinner Time', 18),
    ('automation', 'Energy Saver', 18),
    ('automation', 'Auto Lock', 19),
    ('scene', 'Away Mode', 19),
    ('automation', 'Auto Lock', 20),
    ('automation', 'Night Security', 20),
    ('scene', 'Dinner Time', 21),
    ('scene', 'Work Mode', 21),
    ('automation', 'Motion Alert', 22),
    ('automation', 'Wake Up Lights', 22),
    ('automation', 'Energy Saver', 23),
    ('scene', 'Work Mode', 24),
    ('automation', 'Motion Alert', 25),
    ('scene', 'Party Mode', 25);

INSERT INTO scene (scene_id) VALUES
    (3),
    (4),
    (10),
    (12),
    (14),
    (17),
    (20),
    (23),
    (24),
    (28),
    (30);

INSERT INTO automation (automation_id) VALUES
    (1),
    (2),
    (5),
    (6),
    (7),
    (8),
    (9),
    (11),
    (13),
    (15),
    (16),
    (18),
    (19),
    (21),
    (22),
    (25),
    (26),
    (27),
    (29);

INSERT INTO smart_action (smart_workflow_id, value, item_state_id, target_scene_id) VALUES
    (3, NULL, NULL, 17),
    (3, 'false', 249, NULL),
    (3, NULL, NULL, 30),
    (3, 'true', 82, NULL),
    (4, 'false', 283, NULL),
    (4, 'true', 116, NULL),
    (4, '80', 59, NULL),
    (10, 'false', 332, NULL),
    (10, '25', 256, NULL),
    (10, 'true', 150, NULL),
    (12, 'true', 213, NULL),
    (12, 'false', 243, NULL),
    (12, '58', 285, NULL),
    (12, NULL, NULL, 14),
    (14, 'false', 70, NULL),
    (14, 'true', 143, NULL),
    (14, 'true', 215, NULL),
    (14, 'green', 263, NULL),
    (17, 'true', 145, NULL),
    (17, 'true', 302, NULL),
    (17, '44', 252, NULL),
    (20, 'false', 248, NULL),
    (20, '30', 284, NULL),
    (23, '24', 165, NULL),
    (23, 'true', 123, NULL),
    (23, 'true', 120, NULL),
    (23, 'false', 214, NULL),
    (24, 'false', 243, NULL),
    (24, 'false', 196, NULL),
    (28, '19', 334, NULL),
    (28, '34', 254, NULL),
    (28, '41', 65, NULL),
    (30, '60', 170, NULL),
    (30, '62', 227, NULL),
    (30, NULL, NULL, 23),
    (30, NULL, NULL, 10);

INSERT INTO automation_trigger (automation_id, trigger_type, value_type, value, operand, item_state_id) VALUES
    (1, 'state-driven', 'bool', 'false', '>', 174),
    (1, 'time-driven', 'DateTime', '07:00', NULL, NULL),
    (2, 'time-driven', 'DateTime', '07:00', NULL, NULL),
    (5, 'time-driven', 'DateTime', '07:00', NULL, NULL),
    (5, 'time-driven', 'DateTime', '07:00', NULL, NULL),
    (6, 'state-driven', 'bool', 'false', '=', 117),
    (7, 'time-driven', 'DateTime', '07:00', NULL, NULL),
    (8, 'state-driven', 'int', '24', '<', 15),
    (9, 'time-driven', 'DateTime', '07:00', NULL, NULL),
    (11, 'time-driven', 'DateTime', '07:00', NULL, NULL),
    (13, 'time-driven', 'DateTime', '07:00', NULL, NULL),
    (13, 'time-driven', 'DateTime', '07:00', NULL, NULL),
    (15, 'state-driven', 'string', 'none', '>', 93),
    (16, 'state-driven', 'bool', 'false', '=', 318),
    (18, 'time-driven', 'DateTime', '07:00', NULL, NULL),
    (19, 'state-driven', 'int', '23', '=', 236),
    (21, 'state-driven', 'int', '20', '>', 38),
    (21, 'time-driven', 'DateTime', '07:00', NULL, NULL),
    (22, 'time-driven', 'DateTime', '07:00', NULL, NULL),
    (22, 'time-driven', 'DateTime', '07:00', NULL, NULL),
    (25, 'time-driven', 'DateTime', '07:00', NULL, NULL),
    (25, 'time-driven', 'DateTime', '07:00', NULL, NULL),
    (26, 'time-driven', 'DateTime', '07:00', NULL, NULL),
    (27, 'state-driven', 'bool', 'false', '>', 295),
    (27, 'time-driven', 'DateTime', '07:00', NULL, NULL),
    (29, 'state-driven', 'string', 'dim_up', '>', 5),
    (29, 'state-driven', 'string', 'dim_down', '=', 147);

INSERT INTO action_log (execution_id, timestamp, trigger_source, past_value, current_value, item_state_id, smart_workflow_id) VALUES
    ('ac705b05-ce17-4f23-84b1-0146dd525b98', '2025-06-07T02:00:00+00:00', '{"source": "smart_workflow", "id": 7}', 'false', 'true', 311, 7),
    ('2b878687-f1a5-47d5-a561-3d34232fca26', '2025-06-21T02:00:00+00:00', '{"source": "manual"}', 'true', 'false', 71, NULL),
    ('2d8dd77f-2d03-4df8-94d9-c2e83e46f2cf', '2025-01-27T21:00:00+00:00', '{"source": "smart_workflow", "id": 12}', 'false', 'true', 159, 12),
    ('839325d2-d63a-4cb3-90bf-f1167e5e9290', '2025-03-31T17:00:00+00:00', '{"source": "smart_workflow", "id": 14}', 'false', 'true', 47, 14),
    ('eaabb63e-2e09-4370-821d-5de27dd383a0', '2025-04-30T21:00:00+00:00', '{"source": "manual"}', 'true', 'false', 103, NULL),
    ('c4ef83d9-4f99-4869-9a6d-932c3e4c18dd', '2025-09-07T18:00:00+00:00', '{"source": "manual"}', 'false', 'true', 272, NULL),
    ('e58c5959-b3ea-454d-8b73-375f1a827465', '2025-06-25T10:00:00+00:00', '{"source": "manual"}', 'false', 'true', 247, NULL),
    ('10fc5c9b-88ca-452e-849e-22d06810a148', '2025-08-20T05:00:00+00:00', '{"source": "manual"}', 'false', 'true', 59, NULL),
    ('07259f0e-1a22-4f2a-b4ed-19fab35b9151', '2025-04-07T02:00:00+00:00', '{"source": "manual"}', 'false', 'true', 116, NULL),
    ('41151f1c-e0d4-44a4-a50b-ef29e5bbf290', '2025-09-07T16:00:00+00:00', '{"source": "smart_workflow", "id": 18}', 'false', 'true', 47, 18),
    ('76a7b3c0-039f-4746-9595-76829b33f249', '2025-03-26T08:00:00+00:00', '{"source": "smart_workflow", "id": 22}', 'false', 'true', 233, 22),
    ('5ac1eb84-1328-4ea9-a381-1614ee8fb567', '2025-06-28T23:00:00+00:00', '{"source": "manual"}', 'false', 'true', 300, NULL),
    ('6805731c-cf03-4a8e-8c0d-a55bd385b3c4', '2025-09-11T14:00:00+00:00', '{"source": "smart_workflow", "id": 20}', 'true', 'false', 56, 20),
    ('d7ecda60-beb6-4118-8361-91f8e4b68489', '2025-08-12T22:00:00+00:00', '{"source": "smart_workflow", "id": 21}', 'true', 'false', 313, 21),
    ('991087f1-8b04-4694-97fa-be16727dbbc3', '2025-11-13T22:00:00+00:00', '{"source": "smart_workflow", "id": 2}', 'false', 'true', 155, 2),
    ('fd6cce5b-11f2-41a6-b1b5-9107eb3526b0', '2025-01-26T09:00:00+00:00', '{"source": "smart_workflow", "id": 8}', 'false', 'true', 156, 8),
    ('fa0c9db1-3c76-4930-beba-4ea07c74deb5', '2025-04-03T14:00:00+00:00', '{"source": "smart_workflow", "id": 24}', 'false', 'true', 199, 24),
    ('e0a0f59c-73d1-4730-9189-6db87fcc9bdb', '2025-10-14T02:00:00+00:00', '{"source": "manual"}', 'true', 'false', 301, NULL),
    ('243e7a5e-ffc9-4aa3-8ed9-8eed7bb1d3d3', '2025-03-09T14:00:00+00:00', '{"source": "manual"}', 'false', 'true', 251, NULL),
    ('9c5eaec3-ff49-4f56-8f0e-63c80f98f369', '2025-07-10T23:00:00+00:00', '{"source": "smart_workflow", "id": 15}', 'false', 'true', 17, 15),
    ('dd53df34-ccb8-4e28-805f-cc32ffeceedf', '2025-06-11T04:00:00+00:00', '{"source": "manual"}', 'true', 'false', 186, NULL),
    ('d146fcd2-7183-4875-848e-7614a76364b8', '2025-09-08T18:00:00+00:00', '{"source": "smart_workflow", "id": 9}', 'false', 'true', 279, 9),
    ('b02ee335-4f0e-43fb-a11f-0f9b2566088a', '2025-05-10T13:00:00+00:00', '{"source": "smart_workflow", "id": 7}', 'false', 'true', 63, 7),
    ('b977a765-ef40-49b9-8ef3-5140b9491be3', '2025-01-15T13:00:00+00:00', '{"source": "smart_workflow", "id": 5}', 'false', 'true', 26, 5),
    ('8dbd41ce-fa1a-4c05-b640-327615661287', '2025-05-21T02:00:00+00:00', '{"source": "smart_workflow", "id": 27}', 'true', 'false', 36, 27),
    ('9bc737ce-e80b-42f3-8c5b-420fd2006fc6', '2025-06-09T01:00:00+00:00', '{"source": "manual"}', 'true', 'false', 169, NULL),
    ('a00d00ef-69d6-4190-b3c0-3379433b18a5', '2025-01-02T22:00:00+00:00', '{"source": "manual"}', 'true', 'false', 142, NULL),
    ('0c66b3d4-58ce-443f-a406-f7970ae4ae54', '2025-06-21T02:00:00+00:00', '{"source": "smart_workflow", "id": 1}', 'true', 'false', 90, 1),
    ('73ae5071-7623-4feb-97f1-bf328cbd411e', '2025-03-31T23:00:00+00:00', '{"source": "manual"}', 'false', 'true', 8, NULL),
    ('512853b9-8003-4c5e-adb0-45ee77e762b6', '2025-06-12T10:00:00+00:00', '{"source": "smart_workflow", "id": 9}', 'false', 'true', 302, 9),
    ('a907b84c-86b4-46dc-b8e5-5e2bde644616', '2025-02-05T18:00:00+00:00', '{"source": "smart_workflow", "id": 24}', 'false', 'true', 65, 24),
    ('31246d43-6a66-46c4-89d7-fb7c22641cf5', '2025-02-13T09:00:00+00:00', '{"source": "manual"}', 'false', 'true', 244, NULL),
    ('a0022ace-2e3f-4c3a-9086-e86e13756950', '2025-12-17T08:00:00+00:00', '{"source": "smart_workflow", "id": 8}', 'true', 'false', 304, 8),
    ('8bb6b820-fafe-4ce4-9a8a-369a27f434e0', '2025-01-30T14:00:00+00:00', '{"source": "smart_workflow", "id": 1}', 'false', 'true', 267, 1),
    ('bc625102-b860-4120-8fd0-58d075a909cd', '2025-02-11T12:00:00+00:00', '{"source": "smart_workflow", "id": 4}', 'false', 'true', 246, 4),
    ('f8a272b2-4eb4-40ca-8ff8-fe4f639a6754', '2025-12-01T16:00:00+00:00', '{"source": "manual"}', 'true', 'false', 228, NULL),
    ('660da06e-53cd-4f8f-a20b-6154d8a8db65', '2025-08-08T21:00:00+00:00', '{"source": "smart_workflow", "id": 9}', 'true', 'false', 312, 9),
    ('cbb828fd-5ea2-4d4c-90c3-efaeab6f94e2', '2025-08-10T23:00:00+00:00', '{"source": "smart_workflow", "id": 20}', 'false', 'true', 196, 20),
    ('129556d6-9642-4888-85fa-3e33628158f2', '2025-10-21T16:00:00+00:00', '{"source": "manual"}', 'true', 'false', 51, NULL),
    ('b554b88e-fb50-4e8c-965c-692934401f35', '2025-05-27T18:00:00+00:00', '{"source": "manual"}', 'false', 'true', 221, NULL),
    ('03b4d220-d957-432d-be47-5b8924777c11', '2025-10-10T11:00:00+00:00', '{"source": "smart_workflow", "id": 24}', 'false', 'true', 174, 24),
    ('aa216079-3ddb-4075-aa33-7902ec80d118', '2025-03-06T21:00:00+00:00', '{"source": "smart_workflow", "id": 9}', 'false', 'true', 161, 9),
    ('25146431-44bb-4f61-abe6-e1a4913b8fcb', '2025-09-13T12:00:00+00:00', '{"source": "smart_workflow", "id": 27}', 'false', 'true', 79, 27),
    ('ce7c81cd-3d81-4a9a-b5ae-474620fba139', '2025-02-28T06:00:00+00:00', '{"source": "smart_workflow", "id": 24}', 'false', 'true', 48, 24),
    ('c5ebf07f-f002-4e00-ab8a-88e88f0fccf3', '2025-09-12T09:00:00+00:00', '{"source": "smart_workflow", "id": 18}', 'true', 'false', 67, 18),
    ('693d7552-9ac1-4e32-be63-fe84513b69c1', '2025-08-14T00:00:00+00:00', '{"source": "smart_workflow", "id": 22}', 'false', 'true', 63, 22),
    ('9f2261b8-72d8-4dd5-8ac1-cd2f3756323f', '2025-10-16T17:00:00+00:00', '{"source": "smart_workflow", "id": 12}', 'false', 'true', 27, 12),
    ('2b2b7d79-71db-46a0-bd10-b97a049f8996', '2025-03-12T17:00:00+00:00', '{"source": "smart_workflow", "id": 16}', 'true', 'false', 296, 16),
    ('7ca0dbb4-200f-4142-8abd-26fa668c1e79', '2025-06-03T02:00:00+00:00', '{"source": "manual"}', 'false', 'true', 56, NULL),
    ('0fc427d0-360d-4487-a0d8-5a8d125d91f3', '2025-09-08T22:00:00+00:00', '{"source": "smart_workflow", "id": 26}', 'false', 'true', 59, 26),
    ('9a69f656-13d4-4a4f-8ee2-3b2d37c560b4', '2025-10-20T22:00:00+00:00', '{"source": "smart_workflow", "id": 22}', 'true', 'false', 288, 22),
    ('d6d4d425-295b-44dc-a710-924029eb9ffb', '2025-07-02T13:00:00+00:00', '{"source": "smart_workflow", "id": 25}', 'true', 'false', 15, 25),
    ('eb468ec6-4a96-4ff7-821d-63ddfbff9b3b', '2025-07-30T22:00:00+00:00', '{"source": "smart_workflow", "id": 28}', 'false', 'true', 174, 28),
    ('e0ef4b53-27df-49a1-9804-fe46e03e78da', '2025-04-08T19:00:00+00:00', '{"source": "smart_workflow", "id": 24}', 'false', 'true', 290, 24),
    ('9ad99d74-00fe-4a91-8e4c-1163ba134c58', '2025-01-21T22:00:00+00:00', '{"source": "smart_workflow", "id": 15}', 'true', 'false', 47, 15),
    ('b3b10d15-0629-4a1c-a5d5-dbb0a0536c38', '2025-08-21T17:00:00+00:00', '{"source": "smart_workflow", "id": 11}', 'false', 'true', 81, 11),
    ('ad554867-bf7d-4d6d-92d1-c23a3eca20a2', '2025-02-27T23:00:00+00:00', '{"source": "smart_workflow", "id": 20}', 'true', 'false', 27, 20),
    ('4f8c54b3-2de8-43b3-929c-a27d9f64fa1f', '2025-02-03T23:00:00+00:00', '{"source": "smart_workflow", "id": 14}', 'false', 'true', 42, 14),
    ('f581dac6-ace4-410f-b4c0-4e027d4a3130', '2025-11-28T13:00:00+00:00', '{"source": "smart_workflow", "id": 7}', 'false', 'true', 311, 7),
    ('4cb58c7e-7d71-4b8a-ad6f-6533f7efcb0a', '2025-12-16T18:00:00+00:00', '{"source": "smart_workflow", "id": 10}', 'false', 'true', 59, 10);
